{
    "learner_001": {
        "ap_f_001": {
            "p_init": 0.3,
            "p_learn": 0.15,
            "p_guess": 0.3,
            "p_slip": 0.2,
            "p_L": 0.8318836565096952
        },
        "ap_v_003": {
            "p_init": 0.3,
            "p_learn": 0.15,
            "p_guess": 0.3,
            "p_slip": 0.2,
            "p_L": 0.7779820208812431
        },
        "ap_f_003": {
            "p_init": 0.3,
            "p_learn": 0.15,
            "p_guess": 0.3,
            "p_slip": 0.2,
            "p_L": 0.8318836565096952
        },
        "ap_g_001": {
            "p_init": 0.3,
            "p_learn": 0.15,
            "p_guess": 0.3,
            "p_slip": 0.2,
            "p_L": 0.6033333333333333
        }
    },
    "learner_002": {}
}